books,168866
classroom,159040
help,154252
learning,142435
reading,138367
math,100017
skills,84319
ipad,74943
use,73464
learn,69864
materials,66567
class,63625
technology,59065
new,58992
science,58674
supplies,57824
work,55861
school,55155
set,50004
order,46968
center,45474
read,45151
paper,45045
create,44505
book,43536
chromebooks,42720
seating,42670
activities,42251
literacy,41364
access,40970
ipads,40850
games,40731
2,40686
chairs,40320
headphones,40040
time,38781
writing,36881
library,35873
art,34210
practice,33673
markers,33168
improve,32861
two,32596
make,32445
projects,32168
sets,30172
enhance,30025
also,29615
'',29525
keep,29492
